metric,total,mean_per_district,cv,gini
GPS records,13196639,1199694.4545454546,0.5817059676053473,0.32915492552859327
stations,3167,287.90909090909093,0.5768246814476079,0.31024485460860585
