{
  "city": "guangzhou",
  "label": "广州 Guangzhou",
  "station_policy": "all_stations",
  "raw": "Taxi_2019_10_14_admin_4401.parquet",
  "stations": "guangzhou_station.csv",
  "step1": {
    "gps_records": 13196639,
    "vehicles": 33406,
    "n_districts": 11,
    "uniformity": {
      "metric": [
        "GPS records",
        "stations"
      ],
      "total": [
        13196639,
        3167
      ],
      "mean_per_district": [
        1199694.4545454546,
        287.90909090909093
      ],
      "cv": [
        0.5817059676053473,
        0.5768246814476079
      ],
      "gini": [
        0.32915492552859327,
        0.31024485460860585
      ]
    },
    "district_meta": {
      "city_name": "广州",
      "city_adcode": "440100",
      "admin_col": "admin_code",
      "boundary_note": "行政区边界：按城市名 '广州' 解析为 440100，使用 admin_440100_full.geojson。 站点分区：GeoJSON 空间匹配。"
    },
    "pts_per_vehicle": {
      "median": 246.0,
      "mean": 395.0379871879303,
      "max": 17936
    },
    "speed_kmh": {
      "median": 38.91,
      "mean": 40.43332366404483
    }
  },
  "station_supply": {
    "policy": "all_stations_no_date_or_gun_filter",
    "raw": 3191,
    "used": 3191,
    "missing_coord": 0,
    "out_of_bbox": 0,
    "fast_guns": 43201,
    "slow_guns": 8198,
    "total_guns": 51399,
    "zero_gun_stations": 442
  },
  "step2": {
    "veh_default": "model3",
    "batt_kwh": 78.4,
    "median_cum_kwh": 12.410720030311495,
    "naive_events": 1331,
    "naive_nD": 871,
    "draws": 100,
    "mc_events_mean": 3110.59,
    "mc_events_std": 31.677151071395294,
    "mc_nD_mean": 1407.08,
    "mc_nD_std": 20.994608831792984,
    "master_cells": 3317,
    "ratio_vs_naive": 2.3370323065364387,
    "mc_time_sec": 37.3
  },
  "step3": {
    "nF_stations_used": 3191,
    "n_demand_cells": 3317,
    "C_BAR": 100.0,
    "P_DEAD": 1000.0,
    "expected": {
      "M0": 5047.521375958691,
      "mean_cost": 1.6226893856016675,
      "mean_nearest_km": 1.6226893856016675,
      "dead_rate": 0.0
    },
    "naive": {
      "M0": 2287.7492683454548,
      "mean_cost": 1.7188198860596955,
      "mean_nearest_km": 1.7188198860596955,
      "dead_rate": 0.0
    },
    "s1_greedy_add": [
      {
        "新增比例": "1%",
        "新增站数": 32,
        "M/M0": 0.7548,
        "降幅%": 24.5
      },
      {
        "新增比例": "2%",
        "新增站数": 64,
        "M/M0": 0.6512,
        "降幅%": 34.9
      },
      {
        "新增比例": "5%",
        "新增站数": 160,
        "M/M0": 0.5004,
        "降幅%": 50.0
      },
      {
        "新增比例": "10%",
        "新增站数": 320,
        "M/M0": 0.3635,
        "降幅%": 63.7
      }
    ],
    "s2": {
      "pigeonhole_naive": {
        "nF": 3191,
        "nD": 871,
        "n_zero": 2646,
        "zero_frac": 0.8292071450955814,
        "pigeonhole_floor": 2320,
        "floor_frac": 0.7270448135380758,
        "mechanical_share": 0.8767951625094482,
        "distinct_nearest": 596
      },
      "floor_frac_expected": 0.0,
      "top10pct_marginal_share": 0.9307833720648442,
      "load_gini": 0.8309044977192879,
      "n_loaded_stations": 1436,
      "removal_audit": {
        "zero_near_zero_n": 1873,
        "zero_near_zero_frac": 0.5869633343779379,
        "positive_n": 1318,
        "positive_delta_quantiles_pct": {
          "p50": 0.0023432884857013917,
          "p90": 0.036627420602192845,
          "p99": 0.3910305336533762,
          "max": 4.067737506456286
        }
      },
      "removal_summary": [
        {
          "减站数": 0,
          "减站比例%": 0.0,
          "M": 5047.521375958691,
          "M/M0": 1.0,
          "M增幅%": 0.0,
          "情景": "不减站"
        },
        {
          "减站数": 32,
          "减站比例%": 1.0028204324663115,
          "M": 5047.763886006547,
          "M/M0": 1.0000480453731233,
          "M增幅%": 0.004804537312330659,
          "情景": "减1%站"
        },
        {
          "减站数": 64,
          "减站比例%": 2.005640864932623,
          "M": 5047.763886006547,
          "M/M0": 1.0000480453731233,
          "M增幅%": 0.004804537312330659,
          "情景": "减2%站"
        },
        {
          "减站数": 160,
          "减站比例%": 5.014102162331557,
          "M": 5053.375548913904,
          "M/M0": 1.0011598114240974,
          "M增幅%": 0.11598114240973789,
          "情景": "减5%站"
        },
        {
          "减站数": 320,
          "减站比例%": 10.028204324663115,
          "M": 5053.7749287806255,
          "M/M0": 1.0012389353815756,
          "M增幅%": 0.1238935381575601,
          "情景": "减10%站"
        },
        {
          "减站数": 1873,
          "减站比例%": 58.6963334377938,
          "M": 5179.956325535145,
          "M/M0": 1.0262376203510974,
          "M增幅%": 2.6237620351097446,
          "情景": "移除全部初始零边际站"
        },
        {
          "减站数": 1874,
          "减站比例%": 58.72767157630837,
          "M": 5179.956327975421,
          "M/M0": 1.0262376208345578,
          "M增幅%": 2.623762083455783,
          "情景": "零边际后再减1站"
        }
      ],
      "top_risk_stations": [
        {
          "station": 2452,
          "lon": 113.667679,
          "lat": 22.646113,
          "delta_M": 205.3199201562701,
          "delta_M_over_M0_pct": 4.067737506456286,
          "assigned_load": 34.3
        },
        {
          "station": 1208,
          "lon": 113.723573,
          "lat": 23.353179,
          "delta_M": 79.56165245734539,
          "delta_M_over_M0_pct": 1.576251917154764,
          "assigned_load": 22.05
        },
        {
          "station": 1491,
          "lon": 113.067488,
          "lat": 23.423334,
          "delta_M": 65.40662023338977,
          "delta_M_over_M0_pct": 1.295816607036496,
          "assigned_load": 30.060000000000002
        },
        {
          "station": 2129,
          "lon": 113.414308,
          "lat": 23.259805,
          "delta_M": 62.610496192884526,
          "delta_M_over_M0_pct": 1.240420624885273,
          "assigned_load": 25.89
        },
        {
          "station": 2233,
          "lon": 113.414126,
          "lat": 23.454979,
          "delta_M": 58.01437450406532,
          "delta_M_over_M0_pct": 1.1493636219231758,
          "assigned_load": 35.29
        },
        {
          "station": 1701,
          "lon": 113.274771,
          "lat": 23.584771,
          "delta_M": 57.093323655696906,
          "delta_M_over_M0_pct": 1.1311160350431007,
          "assigned_load": 18.23
        },
        {
          "station": 573,
          "lon": 113.786894,
          "lat": 23.175237,
          "delta_M": 31.739129714906674,
          "delta_M_over_M0_pct": 0.6288062466873331,
          "assigned_load": 21.47
        },
        {
          "station": 2599,
          "lon": 113.519998,
          "lat": 23.263103,
          "delta_M": 31.23419097915089,
          "delta_M_over_M0_pct": 0.6188025498598009,
          "assigned_load": 11.89
        },
        {
          "station": 1857,
          "lon": 113.271962,
          "lat": 23.509773,
          "delta_M": 31.06676462073035,
          "delta_M_over_M0_pct": 0.6154855483862066,
          "assigned_load": 16.189999999999998
        },
        {
          "station": 2075,
          "lon": 113.6097,
          "lat": 22.670051,
          "delta_M": 27.09079518985194,
          "delta_M_over_M0_pct": 0.5367148184628837,
          "assigned_load": 11.359999999999998
        }
      ]
    },
    "s3_swap": [
      {
        "新增比例": "1%",
        "调配站数": 32,
        "S1降幅%": 24.5,
        "S3降幅%": 24.6
      },
      {
        "新增比例": "2%",
        "调配站数": 64,
        "S1降幅%": 34.9,
        "S3降幅%": 35.3
      },
      {
        "新增比例": "5%",
        "调配站数": 160,
        "S1降幅%": 50.0,
        "S3降幅%": 50.4
      },
      {
        "新增比例": "10%",
        "调配站数": 320,
        "S1降幅%": 63.7,
        "S3降幅%": 63.9
      }
    ]
  }
}