metric,total,mean_per_district,cv,gini
GPS records,13196639,1199694.4545454546,0.5817059676053473,0.32915492552859327
stations,868,78.9090909090909,0.6981547809132912,0.3680351906158359
